index,dates,observedInflow,storage,outflow,totalWaterSupply,elevation,population,shiftFactor
0,1,53350.84669880651,112420.86439212484,61487.603305785095,4756.469000896729,249.8826167013895,330186.0,1.0
1,2,61193.105594514935,113882.75751611426,55537.19008264461,4194.022387881082,250.01590950345573,330186.0,0.9993333333333332
2,3,51542.60550066722,109093.16911799164,51570.247933884275,4761.945964905656,249.57486720780463,331473.0,0.9986666666666668
3,4,8120.9963169263965,108014.70620843166,3966.9421487603295,5232.517077726042,249.47512958553884,332801.0,0.998
4,5,61545.70419700742,119993.96696344606,41652.89256198347,7913.550880009566,250.54237482455602,334083.0,0.9973333333333332
5,6,10664.872160392437,119674.31479241877,5950.413223140496,5034.11110827922,250.51483759410917,335371.0,0.9966666666666668
6,7,1605.9184582237044,110711.55221382051,6148.760330578512,4419.920706243477,249.72453733596782,336659.0,0.996
7,8,932.001970662908,100091.0396458911,6148.760330578512,5403.7542080138,248.72475036112232,337951.0,0.9953333333333332
8,9,1314.6479230309994,90104.90744069716,5950.413223140496,5350.366905084437,247.7139797335229,339199.0,0.9946666666666668
9,10,144570.82972769561,162354.24754363176,67438.01652892558,4883.473095835641,253.83865567562506,340482.0,0.9940000000000001
10,11,16653.831559512608,114917.03807516606,59504.132231404925,4586.908796573584,250.10501017187855,341772.0,0.9933333333333332
11,12,52169.358378036835,108742.5149079026,53553.719008264445,4790.16253703599,249.5424382602333,343083.0,0.9926666666666668
12,1,22732.881148077788,109132.451398725,17851.23966942149,4491.704987833861,249.57850008311524,344409.0,0.992
13,2,51796.100135855566,109224.829163029,47603.305785123965,4100.416586427701,249.5870432963127,345726.0,0.9913333333333332
14,3,31568.29404936186,108064.27411986231,27768.595041322318,4960.25405120625,249.47971368906516,346960.0,0.9906666666666668
15,4,11406.102229250513,108705.57229948584,5950.413223140496,4814.390826486448,249.53902176079586,348253.0,0.99
16,5,7889.045093499359,104660.91294198109,6148.760330578512,5784.94412042559,249.1649665164137,349564.0,0.9893333333333332
17,6,1181.2564659971995,95319.65062908144,5950.413223140496,4572.105555756383,248.25214843790425,350882.0,0.9886666666666668
18,7,51075.98694300715,123961.19851619813,17851.239669421488,4583.199386468954,250.8841418432286,352202.0,0.988
19,8,-562.7183179187261,112235.14137104401,6148.760330578512,5014.578496656895,249.8654408000596,353515.0,0.9873333333333332
20,9,10596.564728199686,112033.1723776835,5950.413223140496,4848.120498419699,249.8467624505395,354799.0,0.9866666666666668
21,10,138512.92547167256,170008.4514547358,75371.90082644626,5165.7455681741585,254.38387930958407,356072.0,0.986
22,11,16117.703276021572,121931.52521838856,59504.132231404925,4690.49728096411,250.70929059427883,357384.0,0.9853333333333334
23,12,37047.44440950272,108234.41882490485,45619.8347107438,5124.71609224275,249.4954488879039,358657.0,0.9846666666666668
24,1,53979.11102640645,109932.73391232466,47603.305785123965,4677.49015386277,249.65251122836628,359934.0,0.9840000000000001
25,2,18834.66559924988,107264.24197503696,15867.768595041323,5635.388941496231,249.40572569823703,361216.0,0.9833333333333334
26,3,103290.82311261087,142929.8498099922,61487.603305785095,6137.611971870821,252.3957580917942,362489.0,0.9826666666666668
27,4,72006.44357634557,149896.5906952399,59504.132231404925,5535.570459693251,252.92603217348454,363817.0,0.982
28,5,28428.128061286934,125150.6487386925,47603.305785123965,5570.764232710366,250.98660998782668,365097.0,0.9813333333333334
29,6,49065.50805476334,121999.17843678205,47603.305785123965,4613.6725715498305,250.7151187488613,366357.0,0.9806666666666668
30,7,46912.92240822544,119067.86546144965,41652.89256198347,8191.342821574341,250.4625935097734,367657.0,0.98
31,8,-2072.2626920824728,105994.90045059784,6148.760330578512,4851.941988190844,249.2883353787661,368954.0,0.9793333333333334
32,9,39151.709142719,122386.59118194232,17851.239669421488,4908.778741953053,250.74849338231758,370259.0,0.9786666666666668
33,10,11986.80640145031,109218.37565607324,19834.710743801654,5320.311183517705,249.58644646777702,371516.0,0.978
34,11,38784.56551396592,109244.89411221335,33719.00826446282,5039.03879336301,249.58889892834674,372770.0,0.9773333333333334
35,12,4453.520547609029,104596.41145902488,3689.256198347107,5412.747002450407,249.15900133718898,374111.0,0.9766666666666668
36,1,31543.231517984535,108937.20750694467,21818.181818181823,5384.253651882906,249.56044367954726,375415.0,0.976
37,2,89583.59082766883,138664.0533194615,55537.19008264461,4319.554932507679,252.0710666250161,376714.0,0.9753333333333334
38,3,135943.1902757165,181603.00179429865,87272.72727272731,5731.514528152254,255.19366113859653,377963.0,0.9746666666666668
39,4,2718.150540578929,120016.32566594306,59504.132231404925,4800.694437529779,250.54430097053262,379234.0,0.9740000000000001
40,5,20412.863239352755,122484.1905336108,11900.826446280991,6044.17192540407,250.75690132095198,380562.0,0.9733333333333334
41,6,671.6596683024777,112370.80264687064,5950.413223140496,4834.634331902151,249.87798692748268,381864.0,0.9726666666666668
42,7,47572.002722087214,121783.34889179285,29752.06611570248,8407.390361462547,250.69652557648112,383133.0,0.972
43,8,876.0255895891487,109825.7186270014,6148.760330578512,6684.895523802073,249.6426143185981,384399.0,0.9713333333333334
44,9,2572.7453481496273,101257.28577172471,5950.413223140496,5190.764980285855,248.8402660233484,385689.0,0.9706666666666668
45,10,13235.873474005057,105628.66997435954,3689.256198347107,5175.233073023097,249.2544659182798,386922.0,0.97
46,11,38675.732372669416,109671.70030293665,29752.06611570249,4880.635928389859,249.62837050799374,388231.0,0.9693333333333334
47,12,51727.47241778358,108200.16053898551,47603.305785123965,5595.706396610854,249.49228063802693,389530.0,0.9686666666666668
48,1,80529.16424694161,121528.82076548196,61487.603305785095,5712.900714660316,250.6745986186666,390850.0,0.968
49,2,173714.45281174086,197633.87510757614,91239.66942148766,6369.72904815927,256.26789578491315,392137.0,0.9673333333333334
50,3,49756.122227990534,167567.17163640025,73388.42975206609,6434.395947100503,254.2116306806181,393390.0,0.9666666666666668
51,4,10137.743744275738,113254.62944053765,59504.132231404925,4946.153708733576,249.95972435406804,394686.0,0.966
52,5,97457.11300738156,122442.77773627373,83305.78512396694,4963.179587678583,250.75333371263562,395965.0,0.9653333333333334
53,6,4491.9665968333575,115839.4077294262,5950.413223140496,5144.923380540361,250.18446999736614,397203.0,0.9646666666666668
54,7,23431.48030468186,122395.41859281796,11900.826446280991,4974.642995009093,250.7492538415591,398496.0,0.9640000000000001
55,8,9165.581443560313,117839.34833001955,5950.413223140496,7771.238483218263,250.3567598492436,399801.0,0.9633333333333334
56,9,4177.157088585401,111043.58346739644,5950.413223140496,5022.508728068035,249.75524400882242,401125.0,0.9626666666666668
57,10,72306.36791748468,116783.93244412035,61487.603305785095,5078.415634975863,250.26583842557892,402450.0,0.9620000000000001
58,11,56141.8882024864,108440.6155806772,59504.132231404925,4981.072834524744,249.51451822627186,403751.0,0.9613333333333334
59,12,18872.70554041528,108133.85451251258,13884.297520661159,5295.169087918714,249.48614857232155,405024.0,0.9606666666666668
60,1,103403.55846616387,143762.34011525696,61487.603305785095,6287.469557634683,252.459123162982,406292.0,0.96
61,2,123184.0916837344,184627.19508956047,77355.37190082645,4963.864808604597,255.3986911925126,407579.0,0.9593333333333334
62,3,31797.210727199137,149564.45745573894,61487.603305785095,5372.345055235855,252.90075182339316,408850.0,0.9586666666666668
63,4,35416.13162676672,120189.47946690902,59504.132231404925,5286.977384191953,250.55921773491642,410176.0,0.958
64,5,82.51793253433212,107467.13759610034,6148.760330578512,6656.099472764506,249.42448974346627,411498.0,0.9573333333333334
65,6,-553.2797112958312,95806.62440418082,5950.413223140496,5156.820257483182,248.30038276586575,412798.0,0.9566666666666668
66,7,1820.697343451017,84446.16306685933,6148.760330578512,7032.398350194001,247.10577419033314,414152.0,0.956
67,8,5294.860713126001,75267.51399899737,6148.760330578512,8324.749450409452,246.0369961179858,415457.0,0.9553333333333334
68,9,470.05705995722025,64239.705063871086,5950.413223140496,5547.452771943012,244.6059259089328,416794.0,0.9546666666666668
69,10,8620.060184647416,62149.381962848005,3689.256198347107,7021.1270873233725,244.31312256098164,418029.0,0.9540000000000001
70,11,8146.866325704624,60959.334476225966,3570.2479338842977,5766.665878442382,244.14642589665584,419308.0,0.9533333333333334
71,12,7078.126011704972,58835.03233662617,3689.256198347107,5513.171952957654,243.83377481691974,420581.0,0.9526666666666668
72,1,27216.08964280075,76306.9179400761,3689.256198347107,6054.947841003717,246.15926455006192,421906.0,0.9520000000000001
73,2,49640.97024378825,107802.00807428356,11900.826446280991,6245.053663299773,249.45545899142547,423205.0,0.9513333333333334
74,3,57078.34289492378,106887.37543529946,51570.247933884275,6422.727600023729,249.3708726010635,424486.0,0.9506666666666668
75,4,91573.70066693508,133278.82153272946,59504.132231404925,5678.122338100435,251.6418511993496,425794.0,0.95
76,5,1889.5212783166555,123769.31057506695,5950.413223140496,5448.619012838646,250.8676111797956,427066.0,0.9493333333333334
77,6,59417.559164957376,123309.39255789107,53553.71900826446,6323.758173868809,250.8279903995427,428398.0,0.9486666666666668
78,7,1233.692131984452,110975.80453816133,6148.760330578512,7418.519821135681,249.74897572719522,429703.0,0.948
79,8,-1711.004671179848,96634.5245287189,6148.760330578512,6481.515007684072,248.38238555157682,430993.0,0.9473333333333334
80,9,-1110.210288784137,83791.75988273707,5950.413223140496,5782.141134057209,247.03543850846268,432296.0,0.9466666666666668
81,10,4926.408312305004,79362.69580137482,3689.256198347107,5666.216195320141,246.5187255383337,433594.0,0.946
82,11,16983.993355931198,86046.2865159455,3570.2479338842977,6730.154707476222,247.27775650429336,434858.0,0.9453333333333334
83,12,126893.57021539213,143356.87372866675,61487.603305785095,8095.379696886062,252.42826105409247,436156.0,0.9446666666666668
84,1,140346.35814145178,187075.13975879375,91239.66942148766,5388.42268983731,255.5646535429691,437497.0,0.944
85,2,20621.53260543185,146058.537864078,55537.19008264461,6100.944417503284,252.63389845212956,438763.0,0.9433333333333334
86,3,172662.5744799937,203340.94736957288,109090.9090909091,6289.255883590003,256.63802823591493,440048.0,0.9426666666666668
87,4,8198.586533527492,146772.07913738154,59504.132231404925,5263.322534314225,252.68820970751878,441353.0,0.942
88,5,17635.167418289842,122601.30055218992,35702.479338842975,6103.466664638483,250.7669900544616,442666.0,0.9413333333333334
89,6,1650.9367809199334,112256.78994859695,5950.413223140496,6045.0341613724195,249.86744288806042,443931.0,0.9406666666666668
90,7,8570.290846424537,106886.6500565891,6148.760330578512,7791.670407853876,249.37080551711728,445248.0,0.94
91,8,80928.18012227201,122717.58796094162,59504.13223140496,5593.109986514541,250.77700792220384,446480.0,0.9393333333333334
92,9,3673.617190040262,114503.44772128586,5950.413223140496,5937.34420655552,250.06938040328097,447778.0,0.9386666666666666
93,10,37039.80511048703,107420.71091553713,37685.950413223145,6436.591503012696,249.4201961449678,449069.0,0.938
94,11,6514.930998660413,104806.06659678133,3570.2479338842977,5559.327383531925,249.17839051112372,450332.0,0.9373333333333334
95,12,8382.902469028224,102964.61848366834,3689.256198347107,6535.0943837940795,249.00809104630244,451601.0,0.9366666666666666
96,1,19866.60350466021,106109.6546773516,9917.355371900827,6804.211939076096,249.29894799568592,452871.0,0.9359999999999999
97,2,11385.321978431772,108163.2286906084,3966.9421487603295,5364.805816414637,249.48886513369166,454136.0,0.9353333333333332
98,3,25365.34796314086,107178.67294823019,19834.710743801654,6515.192961717386,249.3978121657477,455483.0,0.9346666666666666
99,4,7971.033727500853,106445.44935280176,1983.4710743801647,6720.786248549129,249.33000271458445,456782.0,0.934
100,5,3223.790490108615,97136.17468258477,6148.760330578512,6384.304829747102,248.43207356206267,458083.0,0.9333333333333332
101,6,3243.605350687497,88929.71837969811,5950.413223140496,5499.648430433667,247.5876696452814,459318.0,0.9326666666666666
102,7,1655.2759070135235,77818.71564781058,6148.760330578512,6617.518308322521,246.33710218183867,460616.0,0.932
103,8,-2354.925763390026,61598.71957198173,6148.760330578512,7716.309981860304,244.23598817369125,461884.0,0.9313333333333332
104,9,4486.295682190547,54237.173826093436,5950.413223140496,5897.428204938348,243.12543118565603,463155.0,0.9306666666666666
105,10,37615.915763072204,82542.62715263397,3689.256198347107,5621.206238184576,246.8927911013568,464432.0,0.93
106,11,15270.742075502061,88491.19446056787,3570.2479338842977,5751.926833683847,247.5405368078856,465713.0,0.9293333333333332
107,12,76794.56855365282,108042.97092210439,51570.247933884275,5672.544158232122,249.47774354222736,467029.0,0.9286666666666666
108,1,19596.46157622148,107826.05471819383,13884.297520661159,5929.080259470846,249.45768285565467,468341.0,0.9279999999999999
109,2,52854.306604827565,107418.21460001939,47603.305785123965,5658.840937878138,249.41996528253208,469629.0,0.9273333333333332
110,3,31837.87706663085,107363.35151349606,25785.12396694216,6107.616186212048,249.41489147447484,470934.0,0.9266666666666666
111,4,14420.528704620418,107821.00550366394,7933.884297520661,6028.990416931866,249.45721589786962,472224.0,0.9259999999999999
112,5,19557.04671892233,115409.51505106507,6148.760330578512,5819.776840942674,250.1474358245232,473567.0,0.9253333333333332
113,6,10192.638530296219,113851.52966736822,5950.413223140496,5800.210690852578,250.01321930284013,474883.0,0.9246666666666667
114,7,-458.04747918616613,101134.34866805053,6148.760330578512,6110.373189553028,248.82808921038537,476208.0,0.924
115,8,-589.4961192611413,87601.05375195247,6148.760330578512,6795.038466258401,247.44486390283242,477446.0,0.9233333333333332
116,9,2616.353663408841,78448.80960266759,5950.413223140496,5818.1845895532215,246.4112221624124,478776.0,0.9226666666666666
117,10,79090.7108361784,107669.25057956042,43636.36363636363,6233.906222921997,249.44318140937398,480012.0,0.922
118,11,36490.881317181585,107970.22429452564,29752.06611570249,6437.8414865139475,249.4710158415357,481315.0,0.9213333333333332
119,12,8969.827664144035,103941.75284009636,3966.9421487603295,9031.356969812945,249.0984576750297,482610.0,0.9206666666666669
120,1,184033.1384955824,188567.2163830944,93223.14049586783,6184.534456716824,255.6658112802098,483901.0,0.92
121,2,65658.8706632699,176565.40655750703,71404.95867768592,6255.72181117144,254.8465163732101,485192.0,0.9193333333333332
122,3,109064.50471575896,185805.51300310864,93223.14049586783,6601.2577742897765,255.4785771527531,486498.0,0.9186666666666669
123,4,7713.200223248287,128350.93317750673,59504.132231404925,5663.647817445505,251.24472908191692,487916.0,0.9179999999999999
124,5,17318.788300211734,121130.31536321195,17851.239669421488,6688.166445085023,250.64026838070401,489249.0,0.9173333333333332
125,6,7.036383697186585,108975.74457618156,5950.413223140496,6211.193947587088,249.56400763675038,490559.0,0.9166666666666669
126,7,1286.231048417383,95043.24267552012,6148.760330578512,9069.972618500304,248.22477047103013,491879.0,0.9159999999999999
127,8,155429.6494574195,118367.55338208635,120991.73553719006,11113.603213663206,250.40226338577588,493158.0,0.9153333333333332
128,9,4628.178169850849,111135.51344625068,5950.413223140496,5909.80488254604,249.76374581025158,494443.0,0.9146666666666668
129,10,59.45766686658025,101067.61979258,3689.256198347107,6438.095122190154,248.82147977343303,495729.0,0.914
130,11,14680.101284960725,107891.93681913002,1983.4710743801647,5872.313184030522,249.46377571618697,497084.0,0.9133333333333332
131,12,100727.8403652866,140666.72606018552,61487.603305785095,6465.447818446272,252.22350023292628,498456.0,0.9126666666666668
132,1,1526.8680285485739,107996.36742165004,27768.595041322318,6428.631625761752,249.4734335912004,499762.0,0.912
133,2,19014.79036422472,106726.09337267488,13884.297520661159,6400.766892538666,249.35595703067366,501118.0,0.9113333333333332
134,3,2224.259282583782,98504.65223785934,3689.256198347107,6756.444219052228,248.56762007110333,502471.0,0.9106666666666668
135,4,7920.869742911357,96805.67323095283,3570.2479338842977,6049.600815933579,248.3993376813543,503816.0,0.91
136,5,67540.3482160987,121477.38787130943,35702.479338842975,7166.154236899129,250.6701678042134,505174.0,0.9093333333333332
137,6,298.25495140135035,109905.215116607,5950.413223140496,5920.014482963274,249.64996625511952,506523.0,0.9086666666666668
138,7,26528.30247947284,118038.71238560695,5950.413223140496,12444.39198733237,250.37393456113082,507829.0,0.9079999999999999
139,8,24398.73743924169,123723.42662536443,11900.826446280991,6813.196753203242,250.8636583929501,509166.0,0.9073333333333332
140,9,3161.8857848549487,115022.49490594465,5950.413223140496,5912.404281134225,250.11409501257282,510512.0,0.9066666666666668
141,10,15126.014605963492,105666.15170217988,15867.768595041323,8614.589214686897,249.2579322761657,511871.0,0.9059999999999999
142,11,148840.87833111171,172421.92789767965,75371.90082644626,6713.201309165844,254.55416622434768,513192.0,0.9053333333333332
143,12,152290.90875609097,204668.09108939528,113057.8512396694,6986.894324706135,256.7241002068484,514493.0,0.9046666666666668
144,1,17850.477392738983,154705.20180578958,61487.603305785095,6325.763370559858,253.2798825192337,515828.0,0.904
145,2,40474.11100951871,134088.9681300165,55537.19008264461,5553.154602647464,251.70713821661832,517131.0,0.9033333333333332
146,3,108387.07295919672,164590.0927101853,71404.95867768592,6480.9897013421605,254.00157783886158,518485.0,0.9026666666666668
147,4,13925.787367744331,113127.21560086652,59504.132231404925,5884.532245658344,249.9479409600357,519816.0,0.902
148,5,106468.14795524256,123423.97589103364,89256.19834710742,6915.189317968035,250.83786146545776,521132.0,0.9013333333333332
149,6,4513.157201252478,114506.48340486492,5950.413223140496,7480.2364642806815,250.06964191978506,522385.0,0.9006666666666667
150,7,9210.333491464688,106411.50130060113,6148.760330578512,11156.555265149942,249.32686315551663,523772.0,0.9
151,8,6667.674360659827,97952.45789812607,6148.760330578512,8977.957432556368,248.5129257030632,525142.0,0.8993333333333333
152,9,1023.2232126243608,86318.13767872834,5950.413223140496,6707.130208881621,247.30697524491922,526506.0,0.8986666666666667
153,10,9810.088665837287,85258.36830302051,3689.256198347107,7180.601843198007,247.1930705398775,527904.0,0.898
154,11,5711.380491500635,79483.22023844851,3570.2479338842977,7916.280622188341,246.53290321590973,529274.0,0.8973333333333333
155,12,48626.2083056621,107714.18967344932,13884.297520661159,6510.941350000116,249.4473374339637,530604.0,0.8966666666666667
156,1,301.6120843750976,97650.31263087908,3689.256198347107,6676.23292859824,248.48299847770195,531902.0,0.8959999999999999
157,2,135519.7612880553,164880.2006161862,61487.60330578509,6802.2699969632995,254.02204689311972,533258.0,0.8953333333333333
158,3,6015.222639469416,106619.06353699359,57520.66115702478,6755.698561637381,249.34605877526988,534581.0,0.8946666666666667
159,4,33604.938830158484,107866.17748909883,25785.12396694216,6572.700911111082,249.46139346056592,535882.0,0.894
160,5,6322.222263420265,93844.8430472082,6148.760330578512,14194.7963747324,248.10607003240972,537248.0,0.8933333333333333
161,6,61739.425650342375,119482.96293378914,29752.06611570248,6349.23964805897,250.49835311283505,538596.0,0.8926666666666667
162,7,1453.9482465128494,101884.50427930195,6148.760330578512,12903.64657042152,248.90239146981992,539977.0,0.892
163,8,8150.273614185261,94795.51591080043,6148.760330578512,9090.501652108267,248.2002333509113,541336.0,0.8913333333333333
164,9,2968.3701052289307,84351.75000650549,5950.413223140496,7461.722786383354,247.09562661290906,542660.0,0.8906666666666667
165,10,36.41699297851663,74390.59948305116,3689.256198347107,6308.311318085754,245.92891228190038,543993.0,0.89
166,11,9307.4028674174,73933.65030518148,3570.2479338842977,6194.104111402786,245.87044149778396,545357.0,0.8893333333333333
167,12,20834.151365038382,83937.73667053954,3689.256198347107,7140.808801333214,247.05112818900898,546687.0,0.8886666666666667
168,1,84152.72873757208,107955.89231288011,53553.719008264445,6580.854086967182,249.4696904016351,547967.0,0.888
169,2,58385.37368326736,108697.12676864704,51570.247933884275,6073.89129361627,249.5382407073566,549316.0,0.8873333333333333
170,3,64781.499763581814,104265.07535535296,59504.132231404925,9709.418945471069,249.12835895268228,550675.0,0.8866666666666667
171,4,21230.618197036492,106141.49647005601,11900.826446280991,7453.370636052418,249.30189276519525,552028.0,0.8859999999999999
172,5,3929.176160656908,92643.20951610355,6148.760330578512,11278.702784030847,247.98679809932327,553401.0,0.8853333333333333
173,6,71542.98828127295,120987.33484948575,35702.479338842975,7496.3836090477835,250.62795096911492,554770.0,0.8846666666666667
174,7,-1425.7883821387281,105811.74881840411,6148.760330578512,7601.0373183644015,249.27139728275262,556090.0,0.884
175,8,11596.14329435179,104204.75700419083,6148.760330578512,7054.374777986573,249.12278063480912,557493.0,0.8833333333333333
176,9,6519.278970794064,97459.48407412817,5950.413223140496,7314.138677716242,248.46409707548813,558781.0,0.8826666666666667
177,10,4298.143988674717,90556.96255089264,3689.256198347107,7511.409313563135,247.76256691217682,560173.0,0.882
178,11,37650.752559108834,107661.41141328687,13884.297520661159,6662.00617605339,249.44245643330132,561519.0,0.8813333333333333
179,12,44928.503992088175,105761.43548293016,39669.42148760331,7159.05843484164,249.26674424146216,562875.0,0.8806666666666667
180,1,36112.22805568895,106752.28106333033,27768.595041322318,7352.787433966484,249.35837890163052,564242.0,0.88
181,2,107592.21838151349,152494.98430395205,55537.19008264461,6312.3250582474675,253.11842313565288,565585.0,0.8793333333333334
182,3,28653.742396509384,112898.71139506367,61487.603305785095,6762.411999612863,249.92680860030185,566879.0,0.8786666666666667
183,4,8423.138974116531,106517.57234601292,7933.884297520661,6870.393725646629,249.33667274077615,568222.0,0.878
184,5,3960.1843934870867,93200.15835260233,6148.760330578512,11128.838056319142,248.042214575337,569551.0,0.8773333333333334
185,6,1678.427915158033,81660.15383884305,5950.413223140496,7268.019205776808,246.78898292422573,570855.0,0.8766666666666667
186,7,45945.67684995809,113153.56684107105,6148.760330578512,8303.503517151541,249.95037795626288,572187.0,0.8759999999999999
187,8,-2993.694902728272,97605.50019666279,6148.760330578512,6405.611411101487,248.47855984515283,573493.0,0.8753333333333334
188,9,9457.493093282155,93647.98695197675,5950.413223140496,7464.593114827686,248.08657160776315,574790.0,0.8746666666666667
189,10,33674.608378269564,106419.95542771724,13884.297520661159,7018.3423818679,249.32764500395055,576127.0,0.8740000000000001
190,11,84036.15385401141,124276.12292480624,59504.132231404925,6675.854125517719,250.91127178883582,577423.0,0.8733333333333333
191,12,20755.032987196533,106699.67609731773,31735.53719008265,6595.942624602453,249.3535139274316,578802.0,0.8726666666666667
192,1,42591.46658209506,106804.73993663203,35702.47933884298,6783.923403937823,249.3632303649896,580114.0,0.872
193,2,66180.29462421082,109424.6632839236,55537.19008264461,8023.181194274794,249.6055242101104,581431.0,0.8713333333333333
194,3,107098.0423479294,147601.28535661515,61487.603305785095,7433.816969453059,252.7513248102158,582748.0,0.8706666666666667
195,4,7932.86474887141,104657.23714855788,41652.89256198347,9224.020394945308,249.16462657436028,584115.0,0.87
196,5,6703.740074738682,98653.47724030523,6148.760330578512,6558.739652412802,248.58236105787492,585404.0,0.8693333333333334
197,6,11926.812160216323,97342.98423112974,5950.413223140496,7286.891946251328,248.45255786758412,586722.0,0.8686666666666667
198,7,46356.173190782,117884.0368829526,17851.239669421488,7963.880869537657,250.36060965566443,588091.0,0.868
199,8,-2028.051388720852,102590.96784356836,6148.760330578512,7116.257320084884,248.97236607008404,589441.0,0.8673333333333334
200,9,2085.7783833059702,90995.50546871312,5950.413223140496,7730.8275350207,247.80970179156415,590746.0,0.8666666666666667
201,10,5002.824597596164,85688.66750181727,3689.256198347107,6620.406366144908,247.23931937895716,592061.0,0.8660000000000001
202,11,23422.258274375494,98716.36644292901,3570.2479338842977,6824.311399379453,248.58859017857856,593384.0,0.8653333333333334
203,12,53779.475485464405,106478.15673882689,37685.950413223145,8331.734776343426,249.3330275352656,594699.0,0.8646666666666667
204,1,24801.27893697067,105312.80308485145,17851.23966942149,8115.392921524612,249.2252541463841,596032.0,0.8640000000000001
205,2,68416.335601337,112009.62960988516,55537.19008264461,6182.318993658839,249.8445851854144,597369.0,0.8633333333333334
206,3,106041.874031766,149723.3680668593,61487.603305785095,6840.532269007053,252.91284731822643,598637.0,0.8626666666666667
207,4,18641.100554970068,107390.84183741047,53553.719008264445,7419.907776154569,249.417433814613,599969.0,0.862
208,5,37640.756246331584,119436.58818052446,17851.239669421488,7743.770233796105,250.4943580444973,601338.0,0.8613333333333333
209,6,797.757899001219,104349.30621419344,5950.413223140496,9934.626642191752,249.13614872969512,602666.0,0.8606666666666667
210,7,14260.029004582995,105353.4614888392,6148.760330578512,7107.1133993587155,249.22901428732445,603983.0,0.86
211,8,14047.969034391126,104020.90820488207,6148.760330578512,9231.761987769722,249.1057780638937,605306.0,0.8593333333333334
212,9,1954.3152898667172,92424.32569285529,5950.413223140496,7600.484578753006,247.96327232296383,606630.0,0.8586666666666667
213,10,147539.16521321848,163611.56298395758,69421.48760330575,6930.440318810654,253.93050427233243,607972.0,0.8580000000000001
214,11,5043.325301669876,106223.51356804922,55537.19008264461,6894.184634933782,249.30947781078788,609335.0,0.8573333333333334
215,12,73719.41308136794,111798.22878447523,61487.603305785095,6657.094559156987,249.82503456806396,610703.0,0.8566666666666667
216,1,19624.768258309923,106599.58655490741,17851.23966942149,6972.170818456223,249.34425751918133,611998.0,0.8560000000000001
217,2,59976.54908534952,106539.1558276958,53553.719008264445,6483.260804296778,249.33866880862809,613355.0,0.8553333333333334
218,3,24594.564215950162,106650.40969846744,17851.23966942149,6632.070675756993,249.3489577081723,614704.0,0.8546666666666667
219,4,6073.675289965767,101742.027910804,3570.2479338842977,7411.8091437448975,248.88827930970717,616052.0,0.8540000000000001
220,5,30623.450073891378,115970.92451861998,5950.413223140496,10444.14024293492,250.19579983792386,617365.0,0.8533333333333334
221,6,3457.0634171167376,106720.701999496,5950.413223140496,6756.87271310023,249.3554584296214,618704.0,0.8526666666666667
222,7,59083.55391416293,122181.0078868956,35702.479338842975,7920.768687920346,250.73078289859538,620067.0,0.8520000000000001
223,8,8314.466830961434,115493.94443436725,6148.760330578512,8852.769952911285,250.154709203512,621409.0,0.8513333333333334
224,9,-1448.5510526546673,101388.9197987501,5950.413223140496,6706.060359821974,248.85330425898871,622740.0,0.8506666666666667
225,10,23.34120268403161,89852.90703358101,3689.256198347107,7870.097769506,247.68689456508824,624107.0,0.8500000000000001
226,11,70773.0090358892,106146.84247110294,47603.305785123965,6875.767813243417,249.30238717017508,625445.0,0.8493333333333334
227,12,8942.124459978928,105884.74559068373,1983.4710743801647,7220.750266017972,249.27814811714455,626799.0,0.8486666666666667
228,1,39116.322856536746,104924.89365925762,31735.53719008265,8340.637597880253,249.18937978907402,628210.0,0.8480000000000001
229,2,188492.44140176827,195508.59797223497,91239.66942148766,6669.067667303492,256.13006083223524,629559.0,0.8473333333333334
230,3,99667.76329413801,191302.61433931,97190.08264462816,6683.664282435078,255.85126198910572,630887.0,0.8466666666666667
231,4,96174.19233470297,188359.30057207547,91239.66942148768,7877.83668045009,255.65171529302208,632213.0,0.8460000000000001
232,5,2866.2171320653715,111268.0268552979,65454.54545454545,14502.945394297469,249.77600081894923,633551.0,0.8453333333333334
233,6,398.10540876633866,98822.38771581938,5950.413223140496,6893.331325104363,248.59909149324682,634905.0,0.8446666666666667
234,7,1558.4526070119475,87243.75653082744,6148.760330578512,6988.323461425376,247.40646136401844,636249.0,0.8440000000000001
235,8,-1852.1781215634228,70887.1900709966,6148.760330578512,8355.62800768889,245.4906193309017,637581.0,0.8433333333333334
236,9,1945.6152687904073,60102.94663769812,5950.413223140496,6779.4454789483825,244.02646682136128,638928.0,0.8426666666666667
237,10,3635.753342861552,51766.10503148321,3689.256198347107,8283.338750729361,242.71797532450782,640300.0,0.8420000000000001
238,11,6456.379742544611,47639.42577639641,3570.2479338842977,7012.811063747107,242.01556183428025,641673.0,0.8413333333333334
239,12,6523.679854462839,43323.46392079015,3689.256198347107,7150.385511721994,241.2140397992168,643004.0,0.8406666666666667
240,1,20849.09375636478,53294.15347986946,3689.256198347107,7189.147998938354,242.97806867742455,644410.0,0.8400000000000001
241,2,163605.19061493585,154514.43420432808,55537.19008264461,6847.7198078328665,253.26594668743718,645761.0,0.8393333333333334
242,3,8641.80808923603,104107.25586984289,49586.77685950412,9462.209564217192,249.11376360583031,647171.0,0.8386666666666667
243,4,83386.09782418949,120192.17796722293,59504.132231404925,7797.04349540479,250.5594502039303,648640.0,0.8380000000000001
244,5,6112.887374379374,112269.77232889328,6148.760330578512,7886.532682130501,249.86864351511082,650152.0,0.8373333333333334
245,6,2894.0699981031544,102012.29361637683,5950.413223140496,7201.135487479096,248.91504889227187,651656.0,0.8366666666666667
246,7,24208.40704227977,106946.79959545415,6148.760330578512,13125.140732623955,249.37636822301437,653112.0,0.8360000000000001
247,8,1137.9425155667889,91949.2259437709,6148.760330578512,9986.75583667152,247.91220829146286,654563.0,0.8353333333333334
248,9,-1091.8094243344433,77559.56287582344,5950.413223140496,7347.440420472528,246.3066172068961,656051.0,0.8346666666666667
249,10,3519.552057928798,70470.63467436655,3689.256198347107,6919.224061038582,245.437317296784,657496.0,0.8340000000000001
250,11,32750.969825242464,91971.769248542,3570.2479338842977,7679.587317182715,247.9146312605914,658942.0,0.8333333333333334
251,12,107707.83092119974,131074.24688887675,61487.603305785095,7117.749975080159,251.4641918679085,660451.0,0.8326666666666667
252,1,126087.32744316336,169691.3378921341,79338.8429752066,8131.39346469952,254.36150482552281,661909.0,0.8320000000000001
253,2,59320.8560810309,163066.3823268248,59504.132231404925,6441.679414935512,253.89067808655304,663365.0,0.8313333333333334
254,3,33700.044828728096,127586.63376089283,61487.603305785095,7692.190088875277,251.18313673631175,664799.0,0.8306666666666667
255,4,95248.93606585264,155281.14668512292,59504.132231404925,8050.290910217865,253.32195607313338,666291.0,0.8300000000000001
256,5,-3088.958006443589,119422.42652522992,23801.652892561982,8968.109260887439,250.4931380535174,667732.0,0.8293333333333334
257,6,533.8067389606447,105095.767263543,5950.413223140496,8910.052777507068,249.20518239744226,669162.0,0.8286666666666667
258,7,346.96506395225236,92183.16900124039,6148.760330578512,7110.802995676336,247.93735264415741,670653.0,0.8280000000000001
259,8,4762.197990052231,78746.34191445059,6148.760330578512,12050.264746263509,246.44622184618873,672050.0,0.8273333333333334
260,9,649.2602263962525,66266.32517594553,5950.413223140496,7178.863741760844,244.88980601988308,673522.0,0.8266666666666667
261,10,56.13173373258214,54081.9505524351,3689.256198347107,8551.2501588959,243.1015175708573,674999.0,0.8260000000000001
262,11,20413.638410612257,63855.964907665075,3570.2479338842977,7069.376121497992,244.55217326063385,676486.0,0.8253333333333334
263,12,6385.170375590064,57968.60481912963,3689.256198347107,8583.274265778398,243.70029345541974,677953.0,0.8246666666666667
264,1,24118.730905097782,71395.78771120773,3689.256198347107,7002.29181467258,245.54569900335355,679382.0,0.8240000000000001
265,2,59772.666698199515,102553.32368049315,17851.23966942149,10763.891059492547,248.96863744854332,680837.0,0.8233333333333334
266,3,32480.065232785117,103540.24437729988,21818.181818181823,9674.962717796516,249.06132566145382,682309.0,0.8226666666666667
267,4,2805.720466949691,95507.73411656427,3570.2479338842977,7267.982793800979,248.27077794339982,683782.0,0.8220000000000001
268,5,3751.560800012692,81801.56012341363,6148.760330578512,11308.97446258483,246.80561700075447,685220.0,0.8213333333333334
269,6,1857.9608735170207,69967.03843503559,5950.413223140496,7742.069338754554,245.3728775988529,686736.0,0.8206666666666667
270,7,-48.8087147822421,49597.105199426114,6148.760330578512,14172.364190248729,242.3487838637321,688166.0,0.8200000000000001
271,8,4105.71994989766,38394.12015987019,6148.760330578512,9159.944658875058,240.21891694085784,689632.0,0.8193333333333334
272,9,2067.099957320315,27418.468087102265,5950.413223140496,7092.338806947747,237.3462961533959,691121.0,0.8186666666666667
273,10,11890.685293205515,27192.555516403365,3689.256198347107,8427.34166555731,237.271465888176,692532.0,0.8180000000000001
274,11,69070.6859521228,82535.19951151697,3570.2479338842977,10157.794023124881,246.89191736401798,694015.0,0.8173333333333334
275,12,2288.5347980048896,72260.0571832488,3689.256198347107,8874.420927925947,245.6562901066217,695446.0,0.8166666666666667
276,1,102568.28789897123,104533.26147074644,61487.603305785095,8807.48030568864,249.153161145912,696942.0,0.8160000000000001
277,2,20884.2502442022,105943.49520831686,11900.826446280991,7573.1900603507665,249.2835813565446,698387.0,0.8153333333333334
278,3,66258.84462724159,104761.97044319117,57520.66115702478,9919.708235342616,249.17431244272552,699796.0,0.8146666666666667
279,4,6905.6882548798685,101224.68410547424,3570.2479338842977,6872.72665871253,248.83703685672288,701250.0,0.8140000000000001
280,5,-2146.6168529324746,85212.35271876067,6148.760330578512,7716.954203202568,247.1881247548109,702696.0,0.8133333333333334
281,6,4256.820608401671,75690.82489367032,5950.413223140496,7827.9352103515175,246.0867915414269,704201.0,0.8126666666666666
282,7,11818.855985857319,72340.67447440888,6148.760330578512,9020.246074540251,245.66660581886228,705685.0,0.812
283,8,-2715.898572151917,53872.33942573854,6148.760330578512,9603.676145939915,243.06922499241082,707159.0,0.8113333333333334
284,9,-251.53800620697845,39937.20297754754,5950.413223140496,7733.1852188435205,240.53786750259357,708621.0,0.8106666666666666
285,10,55.49279888564065,29150.038944321026,3689.256198347107,7153.400633765046,237.9198539066979,710099.0,0.81
286,11,7426.710538740388,25377.60075880572,3570.2479338842977,7628.900790371403,236.6171541380022,711597.0,0.8093333333333333
287,12,69576.9324233007,83642.16793571686,3689.256198347107,7623.109048042453,247.01936026824131,713072.0,0.8086666666666668
288,1,146072.2231141202,157057.4100963443,65454.54545454543,7202.435498947551,253.45171452234237,714509.0,0.8079999999999999
289,2,12222.507424745616,105958.3465953812,55537.19008264461,7784.380843064272,249.28495483171932,715997.0,0.8073333333333333
290,3,7126.270321663621,100842.4922782389,3689.256198347107,8552.86844045881,248.799181089366,717436.0,0.8066666666666668
291,4,-1027.4333124525551,88546.82523840574,3570.2479338842977,7697.985793496304,247.54651604024139,718965.0,0.8059999999999999
292,5,3799.645568783677,73980.87452494682,6148.760330578512,12216.835951664065,245.87648426422862,720459.0,0.8053333333333333
293,6,2134.995431948172,63037.62634597077,5950.413223140496,7127.830387783748,244.43754396217548,721932.0,0.8046666666666666
294,7,6140.452872021073,55738.47045200262,6148.760330578512,7290.84843541071,243.35672014358383,723322.0,0.804
295,8,23312.483215119777,63835.51759895508,6148.760330578512,9066.675737588812,244.54930909076276,724864.0,0.8033333333333333
296,9,2116.8636776473095,52602.82623496869,5950.413223140496,7399.141818493212,242.8603959548883,726328.0,0.8026666666666666
297,10,3658.865778129245,45274.74397491899,3689.256198347107,7297.6918398318385,241.57706864649654,727793.0,0.802
298,11,77075.14733911508,106009.91416197427,7933.884297520661,8406.092854539109,249.28972386589973,729272.0,0.8013333333333333
299,12,48543.81765576503,104095.85079127867,41652.89256198347,8804.988464477241,249.11270884965126,730721.0,0.8006666666666666
300,1,54367.295006731154,106474.83538744539,43636.36363636363,8351.946774200866,249.33272037246326,732186.0,0.8
301,2,184878.4842343266,194963.8396665551,89256.19834710752,7133.28160810966,256.094730505646,733698.0,0.7993333333333333
302,3,52438.12021656249,165744.01292837487,73388.42975206609,8269.517202676814,254.08299463263774,735152.0,0.7986666666666667
303,4,8807.33527063728,106616.01855495213,59504.132231404925,8431.197412655209,249.34577717145584,736639.0,0.7979999999999999
304,5,3734.6631256863734,93420.05932095546,6148.760330578512,10781.862029104524,248.0639955745796,738145.0,0.7973333333333334
305,6,30128.17849384585,110057.86805037512,5950.413223140496,7539.956541285719,249.66408379269168,739617.0,0.7966666666666667
306,7,-1251.6514127629366,93711.55695795576,6148.760330578512,8945.899349077908,248.0928681614457,741060.0,0.7959999999999999
307,8,241.96643197401292,79305.7006183014,6148.760330578512,8499.062441049844,246.51202101144588,742525.0,0.7953333333333334
308,9,180.47666043183474,65535.514488261935,5950.413223140496,8000.249567330805,244.7874372444687,743966.0,0.7946666666666667
309,10,48.69017944929588,53108.362155876384,3689.256198347107,8786.586313487738,242.94644462227683,745418.0,0.794
310,11,18354.69983656943,60441.37288270848,3570.2479338842977,7451.44117585305,244.07387209451022,746874.0,0.7933333333333334
311,12,34457.79610557359,83567.06926080737,3689.256198347107,7642.8435291275855,247.0112886135864,748344.0,0.7926666666666667
312,1,26699.137803613707,97580.54547005381,3689.256198347107,8996.405396020155,248.47608810123356,749791.0,0.792
313,2,111067.82575161217,144110.07815609413,55537.19008264461,9001.102982927521,252.48559127386926,751222.0,0.7913333333333334
314,3,452.0551673091664,105407.92098196641,29752.06611570249,9402.146225734417,249.23405077055085,752667.0,0.7906666666666667
315,4,21310.229734059983,106602.6120152534,11900.826446280991,8214.71225449194,249.34453731760414,754111.0,0.79
316,5,21268.686519068517,103308.73906684242,6148.760330578512,18413.79913690098,249.0399157557424,755614.0,0.7893333333333333
317,6,2318.06714359771,92276.61567713185,5950.413223140496,7399.777310167777,247.947396353948,757080.0,0.7886666666666667
318,7,-1098.8371470344207,72504.20185449583,6148.760330578512,12524.81634502311,245.6875306275746,758557.0,0.7879999999999999
319,8,23965.58235415172,81464.34549152669,6148.760330578512,8856.678386542339,246.76594935790217,760005.0,0.7873333333333334
320,9,2664.8277964225945,69295.55720255771,5950.413223140496,8883.202862251093,245.28695549616864,761425.0,0.7866666666666667
321,10,97246.42680934918,104392.1634248164,53553.719008264445,8596.101578826178,249.14011221907117,762878.0,0.7859999999999999
322,11,25672.02806924038,104317.85929000923,15867.768595041323,9878.563609006178,249.13324047812904,764343.0,0.7853333333333333
323,12,41615.75371385912,105076.34731933085,31735.53719008265,9121.728494454885,249.2033864162888,765824.0,0.7846666666666667
324,1,13761.205105635912,104694.65353809476,5950.413223140496,8192.485663731477,249.16808688967862,767299.0,0.784
325,2,89269.52253265707,130694.10824246828,55537.19008264461,7732.8777456392345,251.43355775988945,768809.0,0.7833333333333334
326,3,144051.05981328303,179696.01696410103,87272.72727272731,7776.423818923245,255.06437403146447,770265.0,0.7826666666666667
327,4,15212.53016355682,127992.69089401918,59504.132231404925,7411.724002233996,251.21585952889185,771784.0,0.782
328,5,13367.683537903082,121655.50800728505,11900.826446280991,7804.03997835626,250.68551240586532,773252.0,0.7813333333333334
329,6,2951.997257099831,110802.6953706158,5950.413223140496,7854.396670628563,249.7329663710918,774731.0,0.7806666666666667
330,7,62.02326721190153,96710.06166129312,6148.760330578512,8005.896645956061,248.38986743871757,776148.0,0.78
331,8,7.029550091263447,82031.75617668018,6148.760330578512,8536.574704125711,246.8326957036443,777570.0,0.7793333333333334
332,9,5048.815258839693,72498.72235036106,5950.413223140496,8631.43586201831,245.68682947541407,779059.0,0.7786666666666667
333,10,5507.906224500826,66754.99561877488,3689.256198347107,7562.376757739891,244.95825684532497,780481.0,0.778
334,11,18768.181089229718,72093.2842407511,3570.2479338842977,9859.644533369192,245.63494999881644,781945.0,0.7773333333333334
335,12,17318.395706090483,76657.39139078335,3689.256198347107,9065.032357711128,246.20049187046035,783411.0,0.7766666666666667
336,1,39912.04992535869,106748.44983060074,1983.4710743801647,7837.520411161126,249.35802458435225,784846.0,0.7759999999999999
337,2,50909.332593829124,106458.27318969801,43636.36363636363,7563.145598368307,249.33118867933948,786264.0,0.7753333333333334
338,3,3770.092233836046,98232.24509329633,3689.256198347107,8306.864131890627,248.54063838087325,787749.0,0.7746666666666667
339,4,12278.128948699505,99055.11977763493,3570.2479338842977,7885.006330476595,248.62214340111282,789206.0,0.774
340,5,3880.412309929292,88613.38171000131,6148.760330578512,8173.390046984407,247.553669573302,790711.0,0.7733333333333334
341,6,1247.3629377235495,73157.33630455843,5950.413223140496,10752.99512002592,245.77110509335358,792142.0,0.7726666666666667
342,7,8824.0811458242,66758.39007675117,6148.760330578512,9074.267043052922,244.95873232620133,793610.0,0.772
343,8,56203.70813609374,109149.30951690412,6148.760330578512,7664.028365362273,249.5800591433371,795085.0,0.7713333333333334
344,9,-592.3151682484074,95191.5775110814,5950.413223140496,7415.00361443384,248.23946290719903,796540.0,0.7706666666666667
345,10,3701.1818567827263,81235.78679225214,3689.256198347107,13967.716377264875,246.73906326223408,797999.0,0.77
346,11,163837.260198806,164938.77838084512,71404.95867768592,8729.30993252727,254.02617994643654,799483.0,0.7693333333333334
347,12,11390.049136524893,105931.83737604212,61487.603305785095,8909.386835542951,249.28250322538082,800952.0,0.7686666666666667
348,1,13680.105447265476,105455.53761859561,5950.413223140496,8205.991981571513,249.23845441770047,802387.0,0.768
349,2,50500.82229574467,107003.3637998252,41652.89256198347,7300.103552531659,249.3815993526149,803867.0,0.7673333333333334
350,3,25313.55768148949,106720.30068064584,17851.23966942149,7745.381131247329,249.35542131514345,805332.0,0.7666666666666667
351,4,9298.709829183132,105418.89130347775,1983.4710743801647,8616.648131971062,249.2350653198444,806810.0,0.7659999999999999
352,5,7175.816411910287,95575.27144188137,6148.760330578512,10870.67594292814,248.27746745660477,808239.0,0.7653333333333334
353,6,10590.475495521523,92317.28083133065,5950.413223140496,7898.052882931781,247.9517670712952,809709.0,0.7646666666666667
354,7,26053.957066875788,101128.11922477784,6148.760330578512,11094.35834285006,248.82747218945897,811184.0,0.764
355,8,45606.502502287614,118309.01564756193,17851.239669421488,10574.366410082072,250.39722050719863,812645.0,0.7633333333333334
356,9,22452.60940293875,120117.9883065742,11900.826446280991,8742.810297645497,250.55305895129,814122.0,0.7626666666666667
357,10,3065.404315095567,105586.92139031396,9917.355371900827,7679.115859454963,249.25060495610043,815584.0,0.762
358,11,14702.788747761619,103548.78572357609,5950.413223140496,10790.51119135895,249.0621155760266,817077.0,0.7613333333333334
359,12,49151.56255106731,104239.78917248275,39669.42148760331,8791.137614557405,249.12602045431262,818522.0,0.7606666666666667
360,1,28119.69786618484,106349.92536199231,17851.23966942149,8158.322007253781,249.32116853435608,819999.0,0.76
361,2,51170.30178260088,104454.84947652258,43636.36363636363,9429.014031707049,249.1459095049036,821476.0,0.7593333333333334
362,3,57487.7219014275,104674.28588317883,47603.305785123965,9664.979709647372,249.16620326303328,823228.0,0.7586666666666667
363,4,9578.386789066557,103154.4277743472,3570.2479338842977,7527.9969640139025,249.0256448510448,824977.0,0.758
364,5,3177.634519688208,86666.30079253715,6148.760330578512,13517.001170919748,247.34439604390982,826797.0,0.7573333333333334
365,6,2480.282072697365,74419.64048333032,5950.413223140496,8776.529158763691,245.93262834079724,828607.0,0.7566666666666667
366,7,-1371.5021413501895,58200.29277170496,6148.760330578512,8699.085239696647,243.73598717789326,830387.0,0.7559999999999999
367,8,-2528.994481197996,39504.648714801486,6148.760330578512,10017.889245126955,240.44845984183576,832221.0,0.7553333333333334
368,9,-863.9157157366234,25073.0,5950.413223140496,9582.94594155155,236.5,833979.0,0.7546666666666667
369,10,13906.96844454991,26824.714856410385,3689.256198347107,8465.99738979241,237.14962400013596,835782.0,0.754
370,11,14192.143306163274,29466.008224436337,3570.2479338842977,7980.60200425303,238.0202042654754,837538.0,0.7533333333333334
371,12,16148.642055655659,33456.22236564535,3689.256198347107,8469.171716099541,239.0937435433751,839241.0,0.7526666666666667
372,1,37102.915279050285,58726.59003783285,3689.256198347107,8143.291408515675,243.8170682541724,841045.0,0.7520000000000001
373,2,29040.640003841112,77345.48760946894,3332.2314049586776,7089.5110272463535,246.28143484407352,842762.0,0.7513333333333334
374,3,4534.141944296407,69716.69349480132,3689.256198347107,8473.679860616912,245.34084369735146,844541.0,0.7506666666666667
375,4,22115.050428820585,76139.77620270572,3570.2479338842977,12121.71978703189,246.13960312936192,846356.0,0.75
376,5,74795.40793834323,118701.24181695082,23801.652892561982,8432.289431536141,250.43100980504397,848094.0,0.7493333333333334
377,6,-143.74072816399118,103295.44291238974,5950.413223140496,9311.644953256591,249.03868611045868,849897.0,0.7486666666666668
378,7,13825.711086179235,94181.76318816797,6148.760330578512,16790.630479822474,248.13944167870125,851676.0,0.748
379,8,11301.076866830796,88548.37455865953,6148.760330578512,10785.705165760734,247.54668256219472,853454.0,0.7473333333333334
380,9,3312.6035599848224,76436.1586559438,5950.413223140496,9474.40623956006,246.1744675515756,855256.0,0.7466666666666667
381,10,38902.50935916388,103660.41890892216,1983.4710743801647,9694.77803180535,249.07243955506542,857034.0,0.746
382,11,2508.0824795909853,94932.45248182533,3570.2479338842977,7665.800972803526,248.21379679891297,858843.0,0.7453333333333334
383,12,7682.773701162323,90915.71645346264,3689.256198347107,8010.253531177909,247.80112601606442,860591.0,0.7446666666666668
384,1,21174.190267809685,100126.7360734232,3689.256198347107,8273.914449502001,248.72828606115522,862449.0,0.7440000000000001
385,2,29412.598587051034,103946.01168569564,15867.768595041323,9725.554379737248,249.0988515384903,864197.0,0.7433333333333334
386,3,38613.77587668812,105216.36488993568,27768.595041322318,9574.827631125749,249.2163354193966,865954.0,0.7426666666666667
387,4,18762.446084535484,106062.3323729678,9917.355371900827,7999.123229602523,249.29457156875682,867734.0,0.742
388,5,8820.867471508938,100265.82900884312,6148.760330578512,8468.61050505511,248.74206309517066,869479.0,0.7413333333333334
389,6,18415.079758002987,104788.65410858102,5950.413223140496,7941.841435124596,249.17678018205692,871251.0,0.7406666666666668
390,7,4981.567597100994,95279.69171581368,6148.760330578512,8341.769659289834,248.24819054237457,873026.0,0.74
391,8,6173.214744291799,86326.64476563284,6148.760330578512,8977.501363894115,247.30788959217892,874786.0,0.7393333333333334
392,9,-187.6225427324362,72368.79469453754,5950.413223140496,7819.814305222366,245.670204055603,876548.0,0.7386666666666668
393,10,5176.45261408503,65234.07949600289,3689.256198347107,8621.911614272585,244.74521354475456,878313.0,0.738
394,11,6058.084712804044,59659.27532109754,3570.2479338842977,8062.640953825104,243.9607572517482,880090.0,0.7373333333333334
395,12,52676.53041557236,98876.47672267248,3689.256198347107,9770.072815650308,248.60444896222984,881905.0,0.7366666666666667
396,1,137185.15939858402,158133.27012129474,67438.01652892558,10490.349471036328,253.5303075550657,883724.0,0.736
397,2,92636.79827330567,173710.1630024468,69421.48760330575,7638.417788847992,254.64505983224768,885515.0,0.7353333333333334
398,3,46518.77123784164,149014.19436845853,61487.603305785095,9727.136566045076,252.85886850117663,887300.0,0.7346666666666668
399,4,8597.641233674809,103784.53306111424,43636.36363636363,10190.938904655564,249.08391778980064,889079.0,0.7340000000000001
400,5,3199.211826704085,86123.93839287144,6148.760330578512,14711.046164368347,247.2861025787695,890762.0,0.7333333333333334
401,6,3449.482432115911,74773.40878410201,5950.413223140496,8849.598817744854,245.97789619758183,892535.0,0.7326666666666667
402,7,-219.19789298382776,53347.68725917024,6148.760330578512,15057.76330136942,242.98718081007152,894325.0,0.7320000000000001
403,8,5038.885571802997,44135.10669130937,6148.760330578512,8102.705809085359,241.36504310535992,896031.0,0.7313333333333334
404,9,70534.18945472722,99580.53607495727,5950.413223140496,9138.34684793882,248.6741854273928,897832.0,0.7306666666666668
405,10,36790.450778087245,105878.26726656187,21818.181818181823,8674.537768300786,249.2775489934858,899563.0,0.73
406,11,6575.493733506683,100155.58087943187,3570.2479338842977,8727.932186752376,248.7311431140483,901286.0,0.7293333333333334
407,12,5593.975135133005,93735.38186524367,3689.256198347107,8324.917950974092,248.095227997746,903102.0,0.7286666666666668
408,1,14122.924257130466,95943.15294517571,3689.256198347107,8225.89697885135,248.31390579884862,904857.0,0.7280000000000001
409,2,90135.06283053092,120127.74752511554,55537.19008264461,10413.278167946728,250.553899683418,906611.0,0.7273333333333334
410,3,6842.977989607104,100386.56266484586,13884.297520661159,12699.86532921559,248.75402165856238,908423.0,0.7266666666666668
411,4,18764.96603445768,104272.28054681204,5950.413223140496,8928.83492935098,249.12902529795727,910198.0,0.726
412,5,127.3759900070163,85455.06549406468,6148.760330578512,12795.830712175872,247.21421168250907,911969.0,0.7253333333333334
413,6,-179.19414717074508,71024.5567478271,5950.413223140496,8300.901375926342,245.50819664079683,913761.0,0.7246666666666668
414,7,1600.7365767736771,56456.0767186689,6148.760330578512,10020.45627535336,243.46727418250947,915562.0,0.7240000000000001
415,8,16456.444746398407,55150.74165891334,6148.760330578512,11613.019475575464,243.26617495900683,917318.0,0.7233333333333334
416,9,2027.706193369291,42803.07226916244,5950.413223140496,8424.962359979687,241.11722274775119,919122.0,0.7226666666666667
417,10,13779.462300656198,44675.73364347516,3689.256198347107,8217.544727996365,241.46562486390235,920928.0,0.7220000000000001
418,11,38758.80619218687,71142.43885953043,3570.2479338842977,8721.8530422473,245.52328072418817,922690.0,0.7213333333333334
419,12,89779.51414168591,104444.01310719473,47603.305785123965,8874.634108897777,249.1449073436784,924437.0,0.7206666666666668
420,1,24713.074276520805,104384.87071203609,15867.768595041323,8904.448076638058,249.13943777971286,926289.0,0.72
421,2,50248.80206610869,101843.47629547007,41652.89256198347,11137.303920691309,248.8983276837827,928052.0,0.7193333333333334
422,3,27692.6816374062,104941.97922664713,15867.768595041323,8726.410111187797,249.19095988408836,929831.0,0.7186666666666668
423,4,7412.661323089748,97197.46951743707,3570.2479338842977,11586.92309841552,248.43814476202823,931535.0,0.7180000000000001
424,5,6903.977311416581,89386.74372362086,6148.760330578512,8565.942774654277,247.6367910279042,933336.0,0.7173333333333334
425,6,30138.705123714335,104718.70004131016,5950.413223140496,8856.335582884556,249.17031074089616,935111.0,0.7166666666666668
426,7,-572.1292720561638,87158.10867688687,6148.760330578512,10839.701761788616,247.39725587670756,936887.0,0.7160000000000001
427,8,7035.793502239753,78692.27723697553,6148.760330578512,9352.864611572588,246.43986204410962,938636.0,0.7153333333333334
428,9,31.082967279124322,60688.269961289676,5950.413223140496,12084.67701982448,244.10845636101556,940389.0,0.7146666666666668
429,10,27899.973822601005,75395.63286254178,3689.256198347107,9503.354723001816,246.0520671523988,942177.0,0.7140000000000001
430,11,41846.00121107438,105181.1253920299,3966.9421487603295,8093.566532825909,249.2130764257865,943932.0,0.7133333333333334
431,12,9218.728398735717,101262.67897447127,3689.256198347107,9447.918617947244,248.8408002153795,945672.0,0.7126666666666668
432,1,78661.16944506808,108928.28102274916,61487.603305785095,9507.964091005251,249.55961814692955,947475.0,0.7120000000000001
433,2,8728.789138892007,104842.24793147766,3966.9421487603295,8847.88008140318,249.1817366069988,949245.0,0.7113333333333334
434,3,29755.280585493885,105177.0305548264,19834.710743801654,9585.787218343492,249.21269773003112,950996.0,0.7106666666666668
435,4,62963.14722981602,104026.68474005518,53553.719008264445,10559.774036322904,249.1063122852173,952785.0,0.71
436,5,32909.84251184128,114574.57077562838,5950.413223140496,16411.543253127566,250.0755074755021,954588.0,0.7093333333333334
437,6,-187.0362067764221,100020.07894140195,5950.413223140496,8417.042404309494,248.71772176519437,956387.0,0.7086666666666668
438,7,1567.3213265353247,85040.0606684934,6148.760330578512,10398.579268865378,247.16960669265842,958168.0,0.7080000000000001
439,8,6641.554460519199,74556.29129679449,6148.760330578512,10976.563501639605,245.95011404949383,959949.0,0.7073333333333334
440,9,11272.072487191208,70616.71247076543,5950.413223140496,9261.238090079769,245.45600927329053,961800.0,0.7066666666666668
441,10,4884.883908664397,59207.174679683616,3689.256198347107,12605.165501399111,243.89110686792228,963497.0,0.7060000000000001
442,11,20802.076744134945,66675.0105787783,3570.2479338842977,9763.99291115596,244.94705288958932,965255.0,0.7053333333333334
443,12,63207.522758961066,104840.93940444289,15867.768595041323,9173.825338255092,249.18161559275345,967008.0,0.7046666666666668
444,1,6432.399432461441,97994.14503540377,3689.256198347107,9589.937603153483,248.51705477767467,968777.0,0.7040000000000001
445,2,48736.28474410834,104275.43254228224,33719.00826446282,8735.988972767083,249.1293167985094,970614.0,0.7033333333333334
446,3,1212.1300809180486,93176.60711819708,3689.256198347107,8621.699306656132,248.0398818460972,972376.0,0.7026666666666668
447,4,8883.192322872386,88955.15368829065,3570.2479338842977,9534.397818894524,247.59040344887046,974151.0,0.7020000000000001
448,5,-508.32796156038256,72128.46826228363,6148.760330578512,10169.597133868108,245.63945211289612,975912.0,0.7013333333333334
449,6,27615.96974368288,85244.81869897923,5950.413223140496,8549.206083846768,247.19161421958077,977689.0,0.7006666666666668
450,7,1007.8737541377716,70553.90032327242,6148.760330578512,9550.031799266071,245.44797189037396,979438.0,0.7000000000000001
451,8,17455.907211316757,70749.2776822129,6148.760330578512,11111.769521797758,245.4729721922217,981208.0,0.6993333333333334
452,9,28512.629281825102,82469.07293632197,5950.413223140496,10842.420804575537,246.88413868207527,982967.0,0.6986666666666668
453,10,8015.653166137701,73332.0517124358,3689.256198347107,13463.418191676768,245.7934615115081,984732.0,0.6980000000000001
454,11,66815.36355092001,105984.85005515043,25785.12396694216,8377.441241263245,249.2874059054056,986496.0,0.6973333333333334
455,12,9624.120160370454,104014.03449470132,1983.4710743801647,9611.46464643939,249.10514237442902,988278.0,0.6966666666666668
456,1,4414.313838487137,95912.16851928596,3689.256198347107,8826.923615555374,248.3108368184713,990088.0,0.6960000000000001
457,2,1513.879609584005,85321.03689026512,3332.2314049586776,8772.779833646204,247.19980620058737,991855.0,0.6953333333333334
458,3,21778.4954903296,93507.03636750137,3689.256198347107,9903.23981474625,248.07261057522797,993682.0,0.6946666666666668
459,4,13153.193638107805,90153.93927737637,3570.2479338842977,12936.042794348516,247.71924970737064,995469.0,0.6940000000000001
460,5,4622.938530570207,79735.46890332144,6148.760330578512,8892.648574046587,246.56257603850383,997185.0,0.6933333333333334
461,6,1525.2805631511967,62504.80674641683,5950.413223140496,12805.529496915336,244.3629089153126,998985.0,0.6926666666666668
462,7,-2776.304978599765,39850.849582921466,6148.760330578512,13728.891854317097,240.52001851651954,1000802.0,0.6920000000000001
463,8,-3341.124073263913,25073.0,6148.760330578512,10618.014510991718,236.5,1002550.0,0.6913333333333334
464,9,188.88180018579948,19311.468577045303,5950.413223140496,9514.970094021519,234.02067344353569,1004351.0,0.6906666666666668
465,10,17313.159813160215,25073.0,3689.256198347107,8530.375613815551,236.5,1006093.0,0.6900000000000001
466,11,14786.88886087593,26374.152612920967,3570.2479338842977,9915.488314070662,237.0003817863269,1007821.0,0.6893333333333334
467,12,47550.994312942385,60576.074231037404,3689.256198347107,9659.816496478836,244.09274047220023,1009597.0,0.6886666666666668
468,1,129388.24341894015,119735.95297361186,61487.603305785095,8740.761370580873,250.5201475683677,1011406.0,0.6880000000000001
469,2,25054.26408931248,102853.88625006279,31735.53719008265,10200.793622778938,248.99785038842717,1013135.0,0.6873333333333334
470,3,21400.74550906162,105469.66904831905,9917.355371900827,8867.607338904516,249.23976131030415,1014965.0,0.6866666666666668
471,4,15106.98093888578,103649.15259587587,5950.413223140496,10977.084168188421,249.071397632098,1016751.0,0.6860000000000002
472,5,-3553.955489785588,70087.26208716418,6148.760330578512,23859.174688347608,245.38826130353988,1018559.0,0.6853333333333333
473,6,-304.88005045004843,51474.16436343162,5950.413223140496,12357.804450141999,242.66828329590325,1020317.0,0.6846666666666668
474,7,1045.3245589655617,34998.65014363266,6148.760330578512,11372.078448186014,239.45412386533474,1022101.0,0.684
475,8,-2538.051792276357,25073.0,6148.760330578512,11589.20379869552,236.5,1023842.0,0.6833333333333333
476,9,854.2699758116721,19976.856752671178,5950.413223140496,8728.855111643365,234.3300124373181,1025597.0,0.6826666666666668
477,10,11297.796804390415,25073.0,3689.256198347107,9169.08723078812,236.5,1027348.0,0.682
478,11,68104.83886691302,80192.21898974181,3570.2479338842977,9415.371943286917,246.6163050217318,1029107.0,0.6813333333333333
479,12,69373.02957646933,104838.41039354568,35702.47933884298,9024.358833822544,249.1813817066074,1030886.0,0.6806666666666668
480,1,45629.24137884461,103052.76544841568,35702.47933884298,11712.406985131687,249.01624298977302,1032666.0,0.6800000000000002
481,2,32730.045493836962,105753.07758828145,21818.181818181823,8211.55153578934,249.26597129272926,1034424.0,0.6793333333333333
482,3,28968.138517501942,102422.47749144369,21818.181818181823,10480.556796157834,248.95567724756768,1036624.0,0.6786666666666668
483,4,8140.600969349967,97727.42403593476,3570.2479338842977,9265.406490974592,248.49063629516,1038780.0,0.6779999999999999
484,5,9086.483762033256,89285.16779457139,6148.760330578512,11379.979672818125,247.6258735806719,1041001.0,0.6773333333333333
485,6,3430.9462739679607,77235.58080819795,5950.413223140496,9530.120037200904,246.26850615318173,1043155.0,0.6766666666666667
486,7,1460.3873261202475,62037.234024806814,6148.760330578512,10509.973778932876,244.297413366691,1045293.0,0.6760000000000002
487,8,2324.341355204209,47378.414000389326,6148.760330578512,10834.401049043183,241.9684491163515,1047450.0,0.6753333333333333
488,9,8639.224023397217,39250.35301120108,5950.413223140496,10816.871789444971,240.39589768730903,1049605.0,0.6746666666666667
489,10,34317.935089552244,60105.81929664237,3689.256198347107,9773.212605763843,244.0268692109038,1051761.0,0.674
490,11,1931.3147254344412,48356.09731133413,3570.2479338842977,10110.7887768584,242.1375484785249,1053925.0,0.6733333333333335
491,12,7079.924402185511,42604.2602489601,3689.256198347107,9142.505266212427,241.08023446492282,1056062.0,0.6726666666666667
492,1,48870.431005338396,79025.27727392968,3689.256198347107,8760.157782021714,246.4790339105905,1058248.0,0.6720000000000002
493,2,70007.70812495681,104503.57230856417,35702.47933884298,8826.933751479413,249.1504154544127,1060363.0,0.6713333333333333
494,3,47417.16956315335,104538.63879866971,37685.950413223145,9696.152659824731,249.15365844804126,1062545.0,0.6706666666666667
495,4,20744.32774679309,102590.16500361996,11900.826446280991,10791.9750955618,248.9722865494869,1064787.0,0.6700000000000002
496,5,442.5194564602845,67750.0062690564,6148.760330578512,29133.917860445352,245.0891882621953,1066948.0,0.6693333333333333
497,6,12860.858936087097,65568.98695611923,5950.413223140496,9091.465025883781,244.79212592185448,1069079.0,0.6686666666666667
498,7,2677.2619204166344,41979.541133062005,6148.760330578512,20117.947412895337,240.96001263601943,1071273.0,0.6680000000000001
499,8,-2856.81991444948,25073.0,6148.760330578512,10740.844277370916,236.5,1073420.0,0.6673333333333333
500,9,9518.075778085218,25073.0,5950.413223140496,10192.446130164437,236.5,1075526.0,0.6666666666666667
501,10,5452.802322866876,25073.0,3689.256198347107,9214.32773067658,236.5,1077745.0,0.6660000000000001
502,11,19423.540980645677,31418.442715882004,3570.2479338842977,9507.850330879373,238.5532194146552,1079922.0,0.6653333333333333
503,12,6641.669612047989,25073.0,3689.256198347107,9500.063252450504,236.5,1082103.0,0.6646666666666667
504,1,18705.370725436253,30916.11046413397,3689.256198347107,9173.004062955175,238.41608257279114,1084263.0,0.664
505,2,48377.53630203638,65417.518102835056,3332.2314049586776,10543.897258376623,244.7709088251625,1086433.0,0.6633333333333334
506,3,76272.71450261754,102282.03844718123,27768.595041322318,11639.599116949064,248.94176688264477,1088623.0,0.6626666666666667
507,4,13232.625874793644,103471.74350712325,1983.4710743801647,10059.44974047148,249.0549906138096,1090858.0,0.6620000000000001
508,5,6804.998711806489,95123.75120060377,6148.760330578512,9004.230687747451,248.2327447702658,1093036.0,0.6613333333333333
509,6,2597.738649631571,81591.48161767397,5950.413223140496,10179.59500942085,246.7809047897511,1095185.0,0.6606666666666667
510,7,14557.344988872019,79888.35917107874,6148.760330578512,10111.707104888746,246.58056101294886,1097285.0,0.6600000000000001
511,8,-1030.7134987489076,61379.6169219637,6148.760330578512,11329.268419787617,244.2052972295789,1099478.0,0.6593333333333334
512,9,4571.762554446029,49163.419501809316,5950.413223140496,10837.54675145992,242.27496502158453,1101635.0,0.6586666666666667
513,10,17342.6897593767,48473.868355227314,3689.256198347107,14342.984707611588,242.1575946136557,1103783.0,0.6580000000000001
514,11,1087.3841618438607,37234.75560293438,3570.2479338842977,8756.24898025249,239.97657841190056,1105995.0,0.6573333333333333
515,12,6525.197316855286,30359.153115850233,3689.256198347107,9711.543605592327,238.26403306466014,1108165.0,0.6566666666666667
516,1,16249.065456698147,33574.77628532986,3689.256198347107,9344.186088871409,239.1214430573201,1110340.0,0.6560000000000001
517,2,61858.059626984876,78975.63112311902,3332.2314049586776,13124.973384237048,246.47319387402882,1112454.0,0.6553333333333334
518,3,8819.933284157092,74564.95759357918,3689.256198347107,9541.350615349813,245.95122298062432,1114588.0,0.6546666666666667
519,4,12131.388712132864,73750.90348867596,3570.2479338842977,9375.194883151784,245.8470573881863,1116748.0,0.6540000000000001
520,5,-266.7889030414429,56601.922473153114,6148.760330578512,10733.431781902895,243.48974310170289,1118905.0,0.6533333333333334
521,6,-240.89952504410317,41275.61560670407,5950.413223140496,9134.994118264452,240.8145133540108,1121122.0,0.6526666666666667
522,7,26933.9688923091,50247.89974589116,6148.760330578512,11812.92442254349,242.45955740355598,1123273.0,0.6520000000000001
523,8,-523.5780190382859,30567.50843615815,6148.760330578512,13008.052960116218,238.32091412398532,1125423.0,0.6513333333333333
524,9,36531.18734986184,50336.8365575716,5950.413223140496,10811.446005307891,242.4746955842675,1127590.0,0.6506666666666667
525,10,3517.348959783801,39517.01955672536,3689.256198347107,10647.909762282929,240.451016857529,1129742.0,0.6500000000000001
526,11,41537.651969309685,68189.3917863956,3570.2479338842977,9295.031805755169,245.14541161694117,1131914.0,0.6493333333333334
527,12,68058.50440823718,100292.77026088812,21818.181818181823,14136.944115562826,248.74473160270287,1134083.0,0.6486666666666667
528,1,33860.40720860388,103709.73641531244,19834.710743801654,10608.730310377863,249.07700050081502,1136211.0,0.6480000000000001
529,2,4255.840287557357,93376.15328900666,3332.2314049586776,11257.192008904452,248.059646720385,1138357.0,0.6473333333333333
530,3,15556.75689361234,95229.79079961851,3689.256198347107,10013.863184653386,248.2432479001207,1140510.0,0.6466666666666667
531,4,30845.28537460206,94171.52647579068,11900.826446280991,20002.72325214885,248.1384277412629,1142679.0,0.6460000000000001
532,5,45.56016581445962,75345.64837136182,6148.760330578512,12722.6779396648,246.0461873157701,1144831.0,0.6453333333333334
533,6,-4.747792650882891,60287.73752136611,5950.413223140496,9102.74983420434,244.0523515228136,1147024.0,0.6446666666666667
534,7,6617.460364644919,50465.27903692948,6148.760330578512,10291.158518503016,242.49655813394543,1149256.0,0.6440000000000001
535,8,5062.347737562652,35619.20869036706,6148.760330578512,13759.657753546566,239.59911417999228,1151457.0,0.6433333333333334
536,9,1665.2599261776145,25073.0,5950.413223140496,9444.411523917546,236.5,1153601.0,0.6426666666666667
537,10,4981.182090185112,25073.0,3689.256198347107,9262.508194086004,236.5,1155738.0,0.6420000000000001
538,11,41365.73324321315,49814.80540655316,3570.2479338842977,13053.679902775695,242.38583921813668,1157946.0,0.6413333333333334
539,12,5749.6835928799765,41391.90447949955,3689.256198347107,10483.32832158648,240.83854991308385,1160113.0,0.6406666666666667
540,1,35505.00021196,63473.89226075228,3689.256198347107,9733.756232360152,244.4986541897678,1162296.0,0.6400000000000001
541,2,48572.441890810536,94935.38658822293,3332.2314049586776,13778.716158381223,248.2140874195942,1164494.0,0.6393333333333334
542,3,106191.1956028412,130322.43106894432,61487.603305785095,9316.547816335002,251.40360553380157,1166663.0,0.6386666666666667
543,4,89438.8902494177,151111.78052006988,59504.132231404925,9145.408566887496,253.01737822485717,1168780.0,0.6380000000000001
544,5,5371.637464059081,116148.61597164966,29752.06611570248,10582.735896776809,250.21110750961842,1170946.0,0.6373333333333333
545,6,3135.8946732924805,104231.1961215861,5950.413223140496,9102.901300215572,249.1252257580307,1173190.0,0.6366666666666667
546,7,1203.4281548885533,87490.16569773926,6148.760330578512,11795.698248156868,247.43294558230212,1175399.0,0.6360000000000001
547,8,5059.149152397296,72393.81046003976,6148.760330578512,14006.744059518263,245.6734050492693,1177600.0,0.6353333333333334
548,9,4347.142285133747,61212.73735596795,5950.413223140496,9577.802166065054,244.18192146742797,1179810.0,0.6346666666666667
549,10,36963.822025808026,85069.18850043889,3689.256198347107,9418.11468298997,247.1727373710704,1181942.0,0.6340000000000001
550,11,42008.297696399684,103713.90464464868,13884.297520661159,9479.284031528734,249.07738598396827,1184134.0,0.6333333333333334
551,12,106276.54384210713,138468.93562152731,61487.603305785095,10033.90955944369,252.05621522465572,1186290.0,0.6326666666666667
552,1,32802.411163351724,102880.64934717317,57520.66115702478,10870.036280681219,249.0003254737051,1188499.0,0.6320000000000001
553,2,30726.521528978312,103783.58306827852,19834.710743801654,9988.87706407128,249.08382993325432,1190642.0,0.6313333333333334
554,3,6161.456754151441,93366.25406117893,3689.256198347107,12889.529562903934,248.05866621049717,1192705.0,0.6306666666666667
555,4,8754.21779489994,89363.41887369193,3570.2479338842977,9186.805048502629,247.63428405779143,1194918.0,0.6300000000000001
556,5,3495.801791264862,69058.45282102133,6148.760330578512,17652.007513356963,245.25661584402062,1197125.0,0.6293333333333334
557,6,1579.5468897262067,54414.553133144334,5950.413223140496,10273.033354462701,243.15275814714906,1199291.0,0.6286666666666667
558,7,-2516.161286667757,35815.74298918524,6148.760330578512,9933.888526712819,239.64503340868814,1201478.0,0.6280000000000001
559,8,2776.116076578366,25073.0,6148.760330578512,27112.97210804684,236.5,1203609.0,0.6273333333333335
560,9,4526.0613542177225,23648.648131077232,5950.413223140496,10298.25430504693,235.94719665863153,1205814.0,0.6266666666666667
561,10,74755.84354396697,84478.96665325655,3689.256198347107,10236.268823440556,247.1092999412357,1207988.0,0.6260000000000001
562,11,41070.40016957177,100259.93151049687,11900.826446280991,13388.608866050412,248.74147895309997,1210148.0,0.6253333333333334
563,12,26835.18392457244,102187.72261884756,13884.297520661159,11023.095295560564,248.932424982057,1212342.0,0.6246666666666667
564,1,45927.07666897618,104294.78444712402,33719.00826446282,10101.006576236934,249.13110648729526,1214505.0,0.6240000000000001
565,2,61944.20036223603,104568.1851732323,51570.247933884275,10100.55170224359,249.15639093435982,1216666.0,0.6233333333333334
566,3,12920.2769635163,101087.91690851064,3966.9421487603295,12433.60307947761,248.82349018507438,1218930.0,0.6226666666666667
567,4,8003.658254945569,96049.11442452107,3570.2479338842977,9472.212805050842,248.3244011910183,1221074.0,0.6220000000000001
568,5,13996.856394575196,92318.08077444824,6148.760330578512,11579.129714069517,247.95185304970425,1223225.0,0.6213333333333334
569,6,38718.642226248645,99106.96746788431,5950.413223140496,25979.342309672065,248.6272788696399,1225444.0,0.6206666666666667
570,7,-2747.6180228381336,74244.24366027719,6148.760330578512,15966.345454190463,245.9101847294021,1227619.0,0.6200000000000001
571,8,867.6310479109642,56943.21353265982,6148.760330578512,12019.900844949841,243.54232222040667,1229800.0,0.6193333333333334
572,9,831.2142388016065,41316.14598465,5950.413223140496,10507.868563670934,240.8228908608206,1231978.0,0.6186666666666667
573,10,8743.14263362846,34728.58521708617,3689.256198347107,11641.447202845176,239.39102458343132,1234170.0,0.6180000000000001
574,11,14687.07885938958,32470.246059555542,3570.2479338842977,13375.170083035908,238.8403620146207,1236408.0,0.6173333333333335
575,12,18735.33930044624,31986.29546239844,3689.256198347107,15530.033699256233,238.7082433694781,1238624.0,0.6166666666666667
576,1,20276.2418806161,38719.924255087884,3689.256198347107,9853.356889579549,240.2862596641356,1240815.0,0.6160000000000001
577,2,62652.82966458451,89383.29489292149,3332.2314049586776,8657.227621792234,247.63642034532688,1242971.0,0.6153333333333334
578,3,6790.43230049478,82789.35591637506,3689.256198347107,9695.115078694094,246.92181460020882,1245167.0,0.6146666666666667
579,4,12997.564290227512,82078.17962939781,3570.2479338842977,10138.492643320476,246.8381566438534,1247340.0,0.6140000000000001
580,5,20154.665858604134,85519.22617780494,6148.760330578512,10564.858979618488,247.22110771472538,1249520.0,0.6133333333333335
581,6,3008.3144125807084,71878.39005002781,5950.413223140496,10698.737317217336,245.60745234165424,1251646.0,0.6126666666666667
582,7,-2857.052210244848,48582.20572992073,6148.760330578512,14290.371779283721,242.17603501785885,1253805.0,0.6120000000000001
583,8,5147.997652319066,34223.41263359363,6148.760330578512,13358.030418067648,239.27299360597985,1255942.0,0.6113333333333334
584,9,2362.3057139399425,25073.0,5950.413223140496,12325.349158141033,236.5,1258084.0,0.6106666666666667
585,10,5250.120792585047,25073.0,3689.256198347107,10074.982207948757,236.5,1260273.0,0.6100000000000001
586,11,65998.24469624257,73353.88930425094,3570.2479338842977,14147.107458107337,245.79625582907883,1262487.0,0.6093333333333334
587,12,5397.411641550609,60671.535492872004,3689.256198347107,14390.509254582445,244.1061122696277,1264673.0,0.6086666666666667
588,1,13585.469303286309,60439.5496415885,3689.256198347107,10128.198956222706,244.07361670284192,1266838.0,0.6080000000000001
589,2,28437.745048541285,75675.10242968518,3332.2314049586776,9869.960855485937,246.084942057368,1269126.0,0.6073333333333335
590,3,141009.43920397368,140205.8313095606,61487.603305785095,14991.107018313502,252.1884191893409,1271363.0,0.6066666666666667
591,4,11174.363257156872,102123.7876830319,37685.950413223145,11570.456470462485,248.92609228239223,1273494.0,0.6060000000000001
592,5,217.95298308020043,86181.06254159972,6148.760330578512,10011.91779393385,247.29224231960444,1275605.0,0.6053333333333334
593,6,17627.65004969522,84007.28106753896,5950.413223140496,13851.018300615495,247.0586028662445,1277799.0,0.6046666666666667
594,7,1722.2824308076008,68120.09621503923,6148.760330578512,11460.706952728804,245.13654462124617,1280016.0,0.6040000000000001
595,8,826.9423773763266,34405.74963773711,6148.760330578512,28392.528624099927,239.31559570975162,1282237.0,0.6033333333333335
596,9,2473.4084974126154,25073.0,5950.413223140496,10090.53703754016,236.5,1284363.0,0.6026666666666667
597,10,16824.331080169002,26647.92714643205,3689.256198347107,11560.147735389837,237.09106563313415,1286534.0,0.6020000000000001
598,11,3295.3236112579107,25073.0,3570.2479338842977,9892.967741813149,236.5,1288654.0,0.6013333333333334
599,12,9076.733565967104,25073.0,3689.256198347107,9954.117606806754,236.5,1290820.0,0.6006666666666668
